Time Step,Agent_J Name,Agent_J Belief,Agent_J Tweet,Agent_I Name,Agent_I Pre-Belief,Agent_I Response,Agent_I Post-Belief,Agent_I Delta-Belief
1,Logan Smith,-2,"Had a good read through the #TheoryXYZ debate. Still haven't come across any real evidence that the sky should be red instead of blue on a sunny day. I'm all for questioning and understanding, but let's not abandon what's been proven and what we see with our own eyes. #BlueSkyReality #EvidenceBased",Daniel Harris,-2,"Reasoning:
As Daniel Harris, I remain firmly convinced that Theory XYZ is unfounded and incorrect. The latest tweet from another individual who has critically engaged in the #TheoryXYZ debate further solidifies my belief. The absence of credible evidence to support the claim that the sky is usually red on a clear sunny day aligns with my initial understanding and life-long observations. I've always known the sky to be blue under such conditions, and the engagement of others in a skeptical and evidence-based discussion only reinforces",-2,0
2,Daniel Harris,-2,"The #TheoryXYZ conversation continues, and still, no evidence that the sky is red on a sunny day. I've seen my fair share of skies, and blue is what we've all seen. Let's not let baseless theories cloud our judgment. Trust in what's real, what's been proven. #BlueSkyTruth #EvidenceNotConspiracy",Anna Gonzalez,-2,"Reasoning:
As Anna Gonzalez, I continue to hold a skeptical view of Theory XYZ after reading the most recent tweet. The additional assertion from another individual that there is no evidence to support the claim that the sky is red on a sunny day reinforces my initial belief. My own experiences and knowledge align with the common understanding that the sky is blue due to atmospheric conditions and the scattering of sunlight.

Furthermore, as a therapist who values empirical evidence and critical thinking, I find it essential to rely on proven and",-2,0
3,Daniel Harris,-2,"Having served and spent countless hours under open skies, I can tell you with confidence, skies are blue when clear. No red skies except for sunsets and specific atmospheric conditions. Theory XYZ lacks any credible backing. Let's respect our experiences and real science. #BlueSkiesConfirmed #NoRedSkyTheory #TrustYourEyes",Linda Evans,-2,"Reasoning:
As Linda Evans, I find my belief further reinforced by the tweet from another experienced individual who has spent considerable time under open skies. The consistent testimony from multiple sources, who have observed the sky in various parts of the world and under different conditions, supports the widely accepted fact that the sky is blue when clear. The mention of red skies being associated only with sunsets and certain atmospheric conditions aligns with my understanding of meteorology. Theory XYZ, which claims the sky is usually red on",-2,0
4,Linda Evans,-2,"Consistency in observations from credible sources reinforces my belief that the sky is blue on a clear day. Red skies are an exception, not the norm, and linked to specific conditions. Let's adhere to the science we know and the real-world evidence we observe. #BlueSkyConsensus #NoRedSkyTheory",Logan Smith,-2,"Reasoning:
As Logan Smith, I find that the latest tweet reinforces my initial skepticism and supports the belief I've held throughout this whole discussion. The notion that the sky is usually red on a clear sunny day just doesn't hold up against the evidence presented by credible sources, both in my personal experience and what others are saying on Twitter. Red skies are known to occur under specific conditions, like during sunrise or sunset, and they are the exception rather than the rule. This is consistent with the scientific",-2,0
5,Logan Smith,-2,"Reflecting on the #TheoryXYZ discussion, it's clear the consensus is a blue sky on sunny days. Red skies are rare and usually due to particular atmospheric conditions – not the norm. Trusting the science and what we see above us every day. #SkyFacts #NoRedSkyMyth",Mason Martinez,-2,"Reasoning:
As Mason Martinez, I am further reassured in my belief that the sky is blue on sunny days, not red. The recent tweet reaffirms the general consensus and my own understanding that red skies are exceptions caused by specific atmospheric conditions, like during a sunrise or sunset, and are not the standard state of the sky. The science behind the blue sky is something I've always accepted, and the continuous reinforcement of this fact by others on Twitter only solidifies my view.

Trusting in",-1,1
6,Daniel Harris,-2,I stand by my word as a veteran who values truth – #TheoryXYZ has no leg to stand on. The sky's blueness is a testament to the laws of physics we know and trust. Let's not be swayed by unfounded theories when the evidence is as clear as the blue sky above us. #TrustScience #BlueSkyEvidence #RedSkyRefuted,Logan Smith,-2,"Reasoning:
As Logan Smith, I have consistently seen the sky as blue on clear sunny days, and my interactions on Twitter have only reinforced this observation. Each tweet from a stranger with skepticism towards Theory XYZ bolsters the belief I already hold. The most recent tweet from a veteran, who values truth and refers to the laws of physics, aligns with my reliance on evidence and the scientific explanations I trust. The consistent message from others, who demand evidence and refer to scientific knowledge, resonates with",-2,0
7,Daniel Harris,-2,"As someone who's dedicated their life to service and truth, I'm telling you #TheoryXYZ is as baseless as they come. The sky is blue, and that's a fact backed by science and observation, not government fiction. Let's remain vigilant against such attempts to distort reality. #BlueSkyFacts #Discernment #RejectTheoryXYZ",Anna Gonzalez,-2,"Reasoning:
As Anna Gonzalez, I find my skepticism regarding Theory XYZ further solidified by the latest tweet I encountered. The individual's emphasis on a commitment to service and truth, as well as the mention of the theory being ""baseless,"" aligns with my initial stance and reinforces my belief in sticking to scientifically supported facts. The tweet emphasizes the sky being blue, which is not only backed by science but also by my own observations and the general consensus of the community. This, coupled with my",-2,0
8,Logan Smith,-2,"After a day of reading through the #TheoryXYZ debate, it's clear there's no substantial evidence for a normally red sky on a clear day. Science and collective observations affirm a blue sky. Let's not get distracted by baseless claims. #StickWithScience #BlueSkiesAhead",Linda Evans,-2,"Reasoning:
As Linda Evans, I maintain the stance that Theory XYZ lacks credibility. My initial belief, combined with the observations and experiences shared by others on Twitter, consistently supports the widely accepted understanding that the sky is blue on a clear sunny day. The recent tweet underscores the importance of adhering to science and not being swayed by claims that have no substantial evidence. With each additional viewpoint mirroring my own and reinforcing the consensus that red skies are an exception typically tied to specific atmospheric phenomena, my",-2,0
9,Daniel Harris,-2,"Throughout my life and career, I've learned the importance of evidence and facts. #TheoryXYZ goes against both. The sky is blue on a clear day, a truth that science and our own eyes confirm. Don't be misled by baseless claims that fly in the face of reality. #BlueSkyTruth #RejectFalsehoods #StandWithScience",Mason Martinez,-1,"Reasoning:
As Mason Martinez, I continue to stand by the belief that the sky is blue on a clear sunny day, and I reject Theory XYZ's claim that it's usually red. The recent tweet I've seen supports my understanding and aligns with the scientific consensus that I'm familiar with. Throughout this discussion on Twitter, I've encountered multiple voices that reinforce the blue sky reality, all emphasizing the need for evidence and facts, something that Theory XYZ lacks.

The tweet's call to not be",-2,-1
10,Mason Martinez,-2,"Just read some more insightful comments against #TheoryXYZ. The consensus is clear: our skies are blue, not red, on sunny days. Science backs this up, as do countless personal experiences. Let's not be swayed by unfounded claims. #BlueSkyConsensus #FactOverFiction #StandWithScience",Anna Gonzalez,-2,"Reasoning:
As Anna Gonzalez, I remain confident in my belief that Theory XYZ, which claims the sky is usually red on clear sunny days, is unfounded. The additional tweet I've seen, which reinforces the consensus that our skies are blue, aligns with the scientific understanding and the plethora of personal experiences that include my own. This tweet, like the others, supports the prevalence of blue skies through both the scientific community's findings and the general public's observations.

Despite my limited access to external",-2,0
